{
  "Module Name": "ECU_Requirement",
  "Module Type": "MO_RS",
  "List Artifact Info": [
    {
      "ReqIF.Text": "<div xmlns=\"http://www.w3.org/1999/xhtml\">\r\n<p dir=\"ltr\" id=\"_1452606727287\">General Overview / Document Scope</p>\r\n</div>",
      "Identifier": 629021,
      "Created On": "2019-10-08T06:18:45.677Z",
      "Description": "",
      "Attribute Type": "Heading",
      "Modified On": "2019-10-08T06:18:45.677Z",
      "Contributor": "kit7fe",
      "Title": "General Overview / Document Scope",
      "Creator": "kit7fe"
    },
    {
      "ReqIF.Text": "<div xmlns=\"http://www.w3.org/1999/xhtml\">\r\n<p dir=\"ltr\" id=\"_1452606748625\">Document Scope</p>\r\n</div>",
      "Identifier": 629020,
      "Created On": "2019-10-08T06:18:45.662Z",
      "Description": "",
      "Attribute Type": "Heading",
      "Modified On": "2019-10-08T06:18:45.662Z",
      "Contributor": "kit7fe",
      "Title": "Document Scope",
      "Creator": "kit7fe"
    },
    {
      "ReqIF.Text": "<div xmlns=\"http://www.w3.org/1999/xhtml\">\r\n<p dir=\"ltr\" id=\"_1454496510976\">&lt;put below a first description of the scope for ECU requirement specification&gt;</p>\r\n</div>",
      "Identifier": 629016,
      "Created On": "2019-10-08T06:18:45.662Z",
      "Description": "",
      "Attribute Type": "Information",
      "Modified On": "2019-10-08T06:18:45.662Z",
      "Contributor": "kit7fe",
      "Title": "<put below a first description of the scope for software requirement specification>",
      "Creator": "kit7fe"
    },
    {
      "ReqIF.Text": "<div xmlns=\"http://www.w3.org/1999/xhtml\">\r\n<p dir=\"ltr\" id=\"_1452606781842\">Document Specific Glossary</p>\r\n</div>",
      "Identifier": 629012,
      "Created On": "2019-10-08T06:18:45.662Z",
      "Description": "",
      "Attribute Type": "Heading",
      "Modified On": "2019-10-08T06:18:45.662Z",
      "Contributor": "kit7fe",
      "Title": "Document Specific Glossary",
      "Creator": "kit7fe"
    },
    {
      "ReqIF.Text": "<div xmlns=\"http://www.w3.org/1999/xhtml\">\r\n<p dir=\"ltr\" id=\"_1454496502602\">&lt;put below a definition of first glossary specific terms&gt;</p>\r\n</div>",
      "Identifier": 629013,
      "Created On": "2019-10-08T06:18:45.677Z",
      "Description": "",
      "Attribute Type": "Information",
      "Modified On": "2019-10-08T06:18:45.677Z",
      "Contributor": "kit7fe",
      "Title": "<put below a definition of first glossary specific terms>",
      "Creator": "kit7fe"
    },
    {
      "ReqIF.Text": "<div xmlns=\"http://www.w3.org/1999/xhtml\">\r\n<p dir=\"ltr\" id=\"_1452606997149\">System Requirements</p>\r\n</div>",
      "Identifier": 629019,
      "Created On": "2019-10-08T06:18:45.662Z",
      "Description": "",
      "Attribute Type": "Heading",
      "Modified On": "2019-10-08T06:18:45.662Z",
      "Contributor": "kit7fe",
      "Title": "System Requirement",
      "Creator": "kit7fe"
    },
    {
      "ReqIF.Text": "<div xmlns=\"http://www.w3.org/1999/xhtml\">\r\n<p dir=\"ltr\" id=\"_1454581495778\">&lt;infos relevant for the complete chapter&gt;<br>Note to the template:<br>- the example requirements below are independent of each other and are showing the different possibilities of the requirements structure</p>\r\n</div>",
      "Identifier": 629017,
      "Created On": "2019-10-08T06:18:45.677Z",
      "Description": "",
      "Attribute Type": "Information",
      "Modified On": "2019-10-08T06:18:45.677Z",
      "Contributor": "kit7fe",
      "Title": "<infos relevant for the complete chapter>",
      "Creator": "kit7fe"
    },
    {
      "ReqIF.Text": "<div xmlns=\"http://www.w3.org/1999/xhtml\">\r\n<p dir=\"ltr\" id=\"_1468229315998\">ECU 1st Requirement</p>\r\n</div>",
      "Identifier": 629022,
      "Created On": "2019-10-08T06:18:45.646Z",
      "Description": "",
      "Attribute Type": "Heading",
      "Modified On": "2019-10-08T06:18:45.646Z",
      "Contributor": "kit7fe",
      "Title": "ECU 1st Requirement",
      "Creator": "kit7fe"
    },
    {
      "Status": "NEW/CHANGED",
      "Created On": "2019-10-08T06:18:45.662Z",
      "Description": "",
      "CRQ": "RQONE03587423",
      "Attribute Type": "MO_FUNC_REQ",
      "Modified On": "2023-05-22T03:33:10.606Z",
      "Title": "<description of the requirement in requirements language>",
      "Contributor": "MIG1COB",
      "Verification Criteria": "Test Environment:\nTest Bench/Lab-car with hardware setup\n\nSuccess Criteria: Verify whether the signal value is correct or not",
      "Creator": "kit7fe",
      "VAR_FUNC_SYS": "VAR_Func_sys value",
      "ReqIF.Text": "<div xmlns=\"http://www.w3.org/1999/xhtml\">\r\n<p dir=\"ltr\" id=\"_1452523253207\">&lt;description of the requirement in requirements language&gt;</p>\r\n<p dir=\"ltr\" id=\"_1459329778761\"><b>VEHICLE_SYSTEM_BEHAVIOUR</b><br>&lt;Optional: description of desired vehicle behaviour (\"development target\")&gt;&nbsp;&nbsp; &nbsp;<br><b>CONSTRAINT&nbsp;&nbsp;</b> &nbsp;<br>&lt;Optional: constraints on the solution space for the requirement&gt;<br><b>IMPACT&nbsp;</b>&nbsp; &nbsp;<br>&lt;Optional: description of possible cross-functional impact of the requirement, or impact on other components&gt;<br><b>INFO</b><br>&lt;Optional: additional informations about the requirement:<br>- know-how<br>- background<br>- HW dependencies related to the system requirement<br>- internal signals<br>- etc&gt;<br><b>ASSUMPTION</b><br>&lt;Optional: assumptions on the requirement&gt;</p>\r\n<p dir=\"ltr\" id=\"_1461748314913\">&nbsp;</p>\r\n</div>",
      "Identifier": 629015,
      "Allocation": "SW Allocation",
      "Safety Classification": "ASIL A"
    },
    {
      "ReqIF.Text": "<div xmlns=\"http://www.w3.org/1999/xhtml\">\r\n<p dir=\"ltr\" id=\"_1454497260221\">System Non Functional Requirements</p>\r\n</div>",
      "Identifier": 629018,
      "Created On": "2019-10-08T06:18:45.677Z",
      "Description": "",
      "Attribute Type": "Heading",
      "Modified On": "2019-10-08T06:18:45.677Z",
      "Contributor": "kit7fe",
      "Title": "System Non Fonctional Requirements",
      "Creator": "kit7fe"
    },
    {
      "Status": "NEW/CHANGED",
      "Created On": "2019-10-08T06:18:45.677Z",
      "Description": "",
      "CRQ": "RQONE03587423",
      "Attribute Type": "MO_NON_FUNC_REQ",
      "Modified On": "2023-05-22T03:33:27.387Z",
      "Title": "<description of the non functional requirement in requirements language>",
      "Contributor": "MIG1COB",
      "Verification Criteria": "Non Func Test Environment:\nTest Bench/Lab-car with hardware setup\n\nSuccess Criteria: Verify whether the signal value is correct or not",
      "Creator": "kit7fe",
      "VAR_FUNC_SYS": "Var_func_sys value 2",
      "ReqIF.Text": "<div xmlns=\"http://www.w3.org/1999/xhtml\">\r\n<p dir=\"ltr\" id=\"_1454505869759\">&lt;description of the non functional requirement in requirements language&gt;</p>\r\n</div>",
      "Identifier": 629014,
      "Allocation": "Non_Func Allocation",
      "Safety Classification": "ASIL B"
    }
  ]
}